"Abbreviation","State","Year_2012","Year_2016","turnout_change","d_margin_12","d_margin_16","margin_shift","ev"
"FL","Florida",0.6279,0.645147480308872,0.0172474803088724,-0.009,0.012,-0.021,29
"IA","Iowa",0.7026,0.681734025385601,-0.0208659746143991,-0.058,0.094,-0.152,6
"MI","Michigan",0.6469,0.645795132104318,-0.00110486789568154,-0.095,0.002,-0.097,16
"OH","Ohio",0.6452,0.627935346211798,-0.0172646537882019,-0.03,0.081,-0.111,18
"PA","Pennsylvania",0.5949,0.628013625408079,0.0331136254080794,-0.054,0.007,-0.061,20
"WI","Wisconsin",0.729,0.692924447801275,-0.0360755521987253,-0.069,0.008,-0.077,10
